{
  "exitRadial": {
    "0": 0.4197707772254944,
    "1": 0.2780612111091614,
    "2": 0.03868194669485092,
    "3": 0.06887754797935486
  },
  "thresholds": {
    "val": {
      "0": 20,
      "1": 255
    },
    "sat": {
      "0": 90,
      "1": 255
    },
    "hue": {
      "0": 0,
      "1": 40
    }
  },
  "insetBox": {
    "0": 0.3252148926258087,
    "1": 0.125,
    "2": 0.5186246633529663,
    "3": 0.4336734712123871
  },
  "colors": {"0": "00ff00"}
}