{
  "exitRadial": {
    "0": 0.4197707772254944,
    "1": 0.2780612111091614,
    "2": 0.03868194669485092,
    "3": 0.06887754797935486
  },
  "thresholds": {
    "val": 20,
    "sat": 90,
    "hue": 40
  },
  "insetBox": {
    "0": 0.3252148926258087,
    "1": 0.125,
    "2": 0.5186246633529663,
    "3": 0.4336734712123871
  },
  "colors": {"0": "00ff00"}
}